hour,count,mean,std,min,10%,50%,90%,max,on_time_pct
5,7063.0,1.72,2.78,-20.67,-0.48,1.17,4.37,32.62,87.91
6,26931.0,1.62,2.67,-8.87,-1.0,1.13,4.65,57.17,84.53
7,44700.0,2.47,4.4,-23.4,-1.18,1.42,7.15,39.85,75.26
8,49131.0,5.07,6.79,-42.88,-0.53,3.68,13.22,51.48,58.22
9,43309.0,4.42,6.34,-29.68,-1.0,3.07,12.19,135.37,59.74
10,19304.0,3.72,5.74,-34.5,-1.1,2.08,10.73,60.2,65.74
11,31068.0,3.36,6.4,-14.45,-1.27,1.7,10.05,117.37,69.12
12,35933.0,2.29,4.48,-37.55,-1.47,1.25,7.32,56.2,70.71
13,36959.0,2.8,4.71,-58.3,-1.38,1.77,8.52,56.2,69.03
14,36572.0,3.02,5.31,-20.67,-1.33,1.87,8.72,91.23,68.31
15,37107.0,2.91,5.66,-31.45,-1.53,1.58,8.88,83.5,67.27
16,40483.0,3.36,5.84,-25.45,-1.63,1.95,9.88,90.6,62.96
17,45813.0,3.71,6.93,-30.48,-1.77,2.18,11.73,80.5,60.27
18,45126.0,2.99,7.35,-43.1,-1.78,2.07,10.48,79.33,60.63
19,37887.0,3.11,5.8,-45.93,-1.15,2.2,9.42,79.33,68.7
20,32484.0,2.79,4.81,-11.83,-1.35,1.68,8.0,75.35,69.64
21,31540.0,3.57,5.15,-11.08,-0.6,2.42,9.18,128.78,71.44
22,28651.0,2.38,7.11,-58.63,-1.15,1.4,6.13,179.12,77.3
23,23100.0,0.71,3.03,-18.82,-2.32,0.33,3.95,31.57,68.66
24,7771.0,0.15,3.62,-11.62,-3.87,0.0,4.08,16.53,58.45
25,2440.0,1.39,2.9,-16.02,-1.42,1.2,5.08,18.45,77.79
26,1868.0,1.13,1.92,-9.45,-1.02,1.07,3.53,8.83,87.74
27,1932.0,1.36,2.82,-6.32,-2.12,1.22,4.85,23.3,78.36
28,2048.0,0.21,2.41,-12.48,-3.6,0.52,3.12,11.97,75.29
