route_short_name,stop_observations,trips,median_delay_min,p90_delay_min,on_time_pct
40D,7638,94,4.58,15.26,55.71
H3,5364,66,4.05,13.08,62.49
E2,30408,251,3.27,12.4,56.79
43,4309,59,3.08,10.09,67.3
42,6451,81,3.07,10.37,67.68
82,11581,113,3.03,11.28,68.6
L14,4049,70,2.87,9.77,71.75
H2,5802,68,2.78,12.65,67.27
56A,2234,30,2.72,20.73,60.34
41C,8171,92,2.45,10.1,70.51
E1,36237,263,2.37,12.23,57.75
24,8527,118,2.32,9.0,67.36
69,3745,38,2.28,11.47,64.7
151,8263,100,2.25,11.67,60.81
4,9963,158,2.23,8.67,68.8
41,9796,128,2.23,8.95,77.96
11,7690,88,2.2,8.08,70.43
53,900,27,2.18,8.25,73.89
27B,6852,107,2.17,7.58,74.24
33,7407,47,2.13,14.25,60.96
65,3871,35,2.12,11.02,65.05
77A,11936,108,2.1,9.09,71.8
65B,3443,36,2.08,14.15,60.64
F2,14131,153,2.08,9.02,68.4
68,4365,35,2.08,14.98,61.6
27A,2839,56,2.07,7.55,81.37
27,24839,197,2.03,12.02,61.43
80,11423,176,1.97,9.4,67.98
70,4214,56,1.95,7.0,81.32
74,8430,73,1.95,8.25,69.81
S2,11739,142,1.95,7.95,72.41
23,6036,108,1.85,7.5,74.02
C3,6782,82,1.78,8.2,70.83
122,9752,118,1.75,8.27,68.94
39A,24927,226,1.73,8.97,68.48
120,3356,82,1.67,7.68,74.61
13,16449,159,1.65,8.85,70.84
N4,17464,199,1.63,9.9,63.9
F1,20138,169,1.63,9.38,63.84
39,9211,79,1.55,6.4,78.51
L54,4223,71,1.55,12.15,65.05
150,5708,102,1.53,6.15,78.19
H1,8567,143,1.5,7.2,76.49
L53,1999,69,1.5,5.98,80.84
F3,15193,143,1.48,9.45,64.74
14,20390,178,1.47,9.57,64.88
38,6797,76,1.47,7.16,73.44
6,3991,40,1.45,6.55,78.18
16,18587,168,1.43,7.15,67.82
G2,13092,163,1.42,7.0,71.19
L25,6068,142,1.42,6.44,78.64
38A,4931,64,1.4,9.02,69.64
15A,5585,101,1.33,4.67,85.07
C2,9416,116,1.32,8.33,71.82
11B,1001,26,1.32,4.8,80.42
15,22601,225,1.32,9.33,61.9
44,4891,38,1.3,9.95,65.98
L58,940,39,1.28,6.87,78.4
C1,9116,117,1.25,6.82,77.36
130,7075,154,1.25,5.17,82.7
C4,8264,83,1.22,11.06,65.9
1,5504,156,1.13,6.13,71.2
15B,9489,132,1.13,4.92,81.27
37,9799,113,1.13,5.92,76.99
40E,2638,71,1.12,4.93,78.28
G1,11508,164,1.1,7.25,70.29
L59,2491,71,1.1,6.28,75.91
L89,1249,34,1.08,3.91,83.75
7A,6414,68,1.07,7.85,60.26
L12,1379,93,1.05,4.03,81.65
47,3119,40,1.02,7.7,67.07
7,6799,74,0.88,5.72,69.76
19,8872,130,0.77,7.03,63.48
52,2103,38,0.75,3.65,73.89
60,3320,40,0.57,4.2,68.64
